{
    "PVT01_INV01": [
        {
            "x": 220.22101449275362,
            "y": 231.30434782608694
        },
        {
            "x": 254.91666666666666,
            "y": 190.82608695652172
        },
        {
            "x": 270.3369565217391,
            "y": 115.65217391304347
        },
        {
            "x": 197.0905797101449,
            "y": 158.05797101449275
        },
        {
            "x": 191.30797101449275,
            "y": 196.6086956521739
        },
        {
            "x": 177.81521739130434,
            "y": 225.52173913043478
        }
    ],
    "PVT01_INV02": [
        {
            "x": 301.17753623188406,
            "y": 229.37681159420288
        },
        {
            "x": 220.22101449275362,
            "y": 227.44927536231882
        },
        {
            "x": 251.06159420289853,
            "y": 188.89855072463766
        },
        {
            "x": 272.2644927536232,
            "y": 111.79710144927536
        },
        {
            "x": 312.7427536231884,
            "y": 146.4927536231884
        },
        {
            "x": 318.52536231884056,
            "y": 200.46376811594203
        }
    ],
    "PVT02_INV01": [
        {
            "x": 279.9746376811594,
            "y": 289.1304347826087
        },
        {
            "x": 222.14855072463766,
            "y": 291.05797101449275
        },
        {
            "x": 218.29347826086956,
            "y": 227.44927536231882
        },
        {
            "x": 305.0326086956522,
            "y": 227.44927536231882
        },
        {
            "x": 276.1195652173913,
            "y": 258.28985507246375
        },
        {
            "x": 270.3369565217391,
            "y": 273.7101449275362
        }
    ],
    "PVT02_INV02": [
        {
            "x": 324.30797101449275,
            "y": 256.3623188405797
        },
        {
            "x": 355.1485507246377,
            "y": 354.66666666666663
        },
        {
            "x": 316.5978260869565,
            "y": 360.4492753623188
        },
        {
            "x": 295.3949275362319,
            "y": 354.66666666666663
        },
        {
            "x": 268.40942028985506,
            "y": 337.3188405797101
        },
        {
            "x": 243.3514492753623,
            "y": 323.82608695652175
        },
        {
            "x": 222.14855072463766,
            "y": 333.463768115942
        },
        {
            "x": 222.14855072463766,
            "y": 292.9855072463768
        },
        {
            "x": 281.90217391304344,
            "y": 291.05797101449275
        }
    ],
    "PVT03_INV01": [
        {
            "x": 401.40942028985506,
            "y": 250.57971014492753
        },
        {
            "x": 405.2644927536232,
            "y": 304.5507246376811
        },
        {
            "x": 393.6992753623188,
            "y": 360.4492753623188
        },
        {
            "x": 372.4963768115942,
            "y": 348.8840579710145
        },
        {
            "x": 359.00362318840575,
            "y": 352.73913043478257
        },
        {
            "x": 324.30797101449275,
            "y": 260.2173913043478
        },
        {
            "x": 339.7282608695652,
            "y": 235.15942028985506
        },
        {
            "x": 362.8586956521739,
            "y": 231.30434782608694
        },
        {
            "x": 384.0615942028985,
            "y": 240.94202898550722
        }
    ],
    "PVT03_INV02": [
        {
            "x": 430.32246376811594,
            "y": 248.65217391304347
        },
        {
            "x": 401.40942028985506,
            "y": 248.65217391304347
        },
        {
            "x": 409.11956521739125,
            "y": 302.62318840579707
        },
        {
            "x": 395.6268115942029,
            "y": 360.4492753623188
        },
        {
            "x": 414.90217391304344,
            "y": 362.3768115942029
        },
        {
            "x": 428.3949275362319,
            "y": 352.73913043478257
        },
        {
            "x": 441.88768115942025,
            "y": 358.52173913043475
        },
        {
            "x": 453.4528985507246,
            "y": 325.75362318840575
        },
        {
            "x": 488.14855072463763,
            "y": 312.2608695652174
        },
        {
            "x": 490.0760869565217,
            "y": 287.2028985507246
        },
        {
            "x": 499.713768115942,
            "y": 267.92753623188406
        },
        {
            "x": 468.87318840579707,
            "y": 248.65217391304347
        }
    ],
    "PVT04_INV01": [
        {
            "x": 222.14855072463766,
            "y": 292.9855072463768
        },
        {
            "x": 222.14855072463766,
            "y": 329.6086956521739
        },
        {
            "x": 189.3804347826087,
            "y": 343.1014492753623
        },
        {
            "x": 150.82971014492753,
            "y": 346.95652173913044
        },
        {
            "x": 137.33695652173913,
            "y": 360.4492753623188
        },
        {
            "x": 133.481884057971,
            "y": 323.82608695652175
        },
        {
            "x": 152.7572463768116,
            "y": 323.82608695652175
        },
        {
            "x": 168.17753623188406,
            "y": 310.3333333333333
        },
        {
            "x": 181.67028985507247,
            "y": 306.4782608695652
        },
        {
            "x": 172.03260869565216,
            "y": 292.9855072463768
        }
    ],
    "PVT04_INV02": [
        {
            "x": 96.8586956521739,
            "y": 364.30434782608694
        },
        {
            "x": 137.33695652173913,
            "y": 360.4492753623188
        },
        {
            "x": 137.33695652173913,
            "y": 327.6811594202898
        },
        {
            "x": 106.4963768115942,
            "y": 291.05797101449275
        },
        {
            "x": 75.65579710144927,
            "y": 291.05797101449275
        },
        {
            "x": 40.96014492753623,
            "y": 308.40579710144925
        },
        {
            "x": 52.52536231884058,
            "y": 318.04347826086956
        },
        {
            "x": 54.45289855072463,
            "y": 333.463768115942
        },
        {
            "x": 40.96014492753623,
            "y": 335.39130434782606
        },
        {
            "x": 56.380434782608695,
            "y": 352.73913043478257
        },
        {
            "x": 73.72826086956522,
            "y": 377.7971014492753
        },
        {
            "x": 85.29347826086956,
            "y": 379.7246376811594
        }
    ],
    "selection": []
}