,PVT01_INV01,PVT01_INV01,PVT01_INV01,PVT01_INV01,PVT01_INV01,PVT01_INV01,PVT01_INV01,PVT01_INV01,PVT01_INV02,PVT01_INV02,PVT01_INV02,PVT01_INV02,PVT01_INV02,PVT01_INV02,PVT01_INV02,PVT01_INV02,PVT02_INV01,PVT02_INV01,PVT02_INV01,PVT02_INV01,PVT02_INV01,PVT02_INV01,PVT02_INV01,PVT02_INV01,PVT02_INV02,PVT02_INV02,PVT02_INV02,PVT02_INV02,PVT02_INV02,PVT02_INV02,PVT02_INV02,PVT02_INV02,PVT03_INV01,PVT03_INV01,PVT03_INV01,PVT03_INV01,PVT03_INV01,PVT03_INV01,PVT03_INV01,PVT03_INV01,PVT03_INV02,PVT03_INV02,PVT03_INV02,PVT03_INV02,PVT03_INV02,PVT03_INV02,PVT03_INV02,PVT03_INV02,PVT04_INV01,PVT04_INV01,PVT04_INV01,PVT04_INV01,PVT04_INV01,PVT04_INV01,PVT04_INV01,PVT04_INV01,PVT04_INV02,PVT04_INV02,PVT04_INV02,PVT04_INV02,PVT04_INV02,PVT04_INV02,PVT04_INV02,PVT04_INV02
,X,Y,label,anomalie,Manu,Type,TP,Confusion,X,Y,label,anomalie,Manu,Type,TP,Confusion,X,Y,label,anomalie,Manu,Type,TP,Confusion,X,Y,label,anomalie,Manu,Type,TP,Confusion,X,Y,label,anomalie,Manu,Type,TP,Confusion,X,Y,label,anomalie,Manu,Type,TP,Confusion,X,Y,label,anomalie,Manu,Type,TP,Confusion,X,Y,label,anomalie,Manu,Type,TP,Confusion
jrs,,,,,,,,,,,,,,,,,,,,,,,,,,,,,,,,,,,,,,,,,,,,,,,,,,,,,,,,,,,,,,,,
2018-08-01,157.17993519475777,-17.1118637356192,0,1,1,Sous-perf. longue,0,FalsePositive,162.214923294277,19.900186815368947,0,1,1,Sous-perf. longue,0,FalsePositive,-48.36491921113588,-6.500214969221313,0,1,0,0,1,FalsePositive,-70.47756827114614,-0.5165243214972007,0,1,0,0,1,FalsePositive,-27.132846356231113,238.54383415224643,0,0,0,0,0,FalsePositive,292.4220973821525,68.32867315034724,0,1,0,0,1,FalsePositive,152.18886859889278,25.09958080469924,0,0,0,0,0,FalsePositive,33.84185728181342,80.67571502428581,0,1,0,0,1,FalsePositive
2018-08-02,267.01731015819183,-39.858238248861916,0,1,1,Sous-perf. longue,0,TrueNegative,206.49706008174664,-1.4400333646139825,0,1,1,Sous-perf. longue,0,TrueNegative,-79.11223113611835,23.935394730335346,1,0,0,0,0,TrueNegative,-71.33059612354879,14.864627280173206,1,0,1,Sous-perf. longue,65535,TrueNegative,-22.432553177483502,30.68193211409659,0,0,0,0,0,TrueNegative,88.94298774086687,-8.489277274919385,1,0,0,0,0,TrueNegative,-10.693045890092472,4.8483129552773425,1,1,0,0,1,TrueNegative,-71.47929738747574,-10.963697401519223,1,0,0,0,0,TrueNegative
2018-08-03,294.66699690774607,-45.15936753262179,0,1,1,Sous-perf. longue,0,TrueNegative,249.65179342350433,-9.977631216095945,0,1,1,Sous-perf. longue,0,TrueNegative,21.133992901071526,-14.774210297756861,0,1,1,Sous-perf. courte,0,TrueNegative,-45.867787581979954,15.825100405938226,1,0,0,0,0,TrueNegative,-9.56656675840708,-25.566016095187837,0,0,0,0,0,TrueNegative,65.84775805562592,-8.76236794719338,1,0,0,0,0,TrueNegative,39.65695031092693,10.84888854761548,1,1,0,0,1,TrueNegative,-31.786204461899512,-27.22516251244608,1,0,0,0,0,TrueNegative
2018-08-04,278.4911717245826,-80.3413031555967,0,1,1,Sous-perf. longue,0,TrueNegative,249.93888547532768,-57.61723057420397,0,1,1,Sous-perf. longue,0,TrueNegative,43.40518227139985,-50.33991570086877,1,0,1,Sous-perf. courte,65535,TrueNegative,-46.234769038457635,0.08157384534151949,1,0,0,0,0,TrueNegative,-2.014421655902844,-25.66479458299762,0,0,1,Sous-perf. courte,65535,TrueNegative,49.80098523116479,-8.697795451482703,1,0,0,0,0,TrueNegative,39.90547253250423,-10.79909034340147,1,1,1,Sous-perf. courte,0,TrueNegative,-20.49343423522479,-22.535076181540187,1,0,0,0,0,TrueNegative
2018-08-05,182.02837514183486,-26.65052053431001,0,1,1,Sous-perf. longue,0,FalsePositive,154.3300142664637,-3.986419420710877,0,1,1,Sous-perf. longue,0,FalsePositive,4.86538159657777,-0.06014230912760341,0,1,0,0,1,FalsePositive,-51.38915501081272,14.164978502116707,1,0,0,0,0,FalsePositive,6.96854401092548,-27.475813270000156,0,0,0,0,0,FalsePositive,68.95431655334177,-10.249173317934494,1,0,0,0,0,FalsePositive,40.566000386080944,34.80875887441419,1,1,0,0,1,FalsePositive,-44.49309071307267,-25.381768772891633,0,1,0,0,1,FalsePositive
2018-08-06,309.0745888476373,-66.35162647450157,0,1,1,Sous-perf. longue,0,FalsePositive,318.4212773940315,-59.492436417425814,0,1,1,Sous-perf. longue,0,FalsePositive,106.57085347056781,-53.27163026353063,1,0,0,0,0,FalsePositive,54.37088307455627,-30.805395676290335,1,0,0,0,0,FalsePositive,3.0387752092187768,-92.55058657023713,1,1,1,Sous-perf. courte,0,FalsePositive,-95.18571638872398,11.695105079844453,1,0,1,Sous-perf. courte,65535,FalsePositive,169.7092286072789,-3.89617571982926,0,0,0,0,0,FalsePositive,111.17880969969545,19.73978854052662,0,1,0,0,1,FalsePositive
2018-08-07,48.0411898558808,-5.458829485668449,0,1,1,Sous-perf. longue,0,TrueNegative,38.77467968404434,-16.036357635014244,1,0,1,Sous-perf. longue,65535,TrueNegative,-60.778044948798794,-1.8180775705547267,1,0,0,0,0,TrueNegative,-27.10623157944004,-1.8705397822495216,1,0,0,0,0,TrueNegative,38.48657172523621,20.1931431708204,0,0,0,0,0,TrueNegative,48.45201260455534,-5.698778125349621,0,1,0,0,1,TrueNegative,13.364692316867773,4.958820569300721,0,0,0,0,0,TrueNegative,35.86386495088617,15.751660695759465,1,0,0,0,0,TrueNegative
2018-08-08,46.48028064703439,-63.887693167964834,0,1,0,0,1,FalsePositive,36.0433242670396,-59.31103087841466,0,1,0,0,1,FalsePositive,-6.229307722082538,-22.241862849382265,0,1,0,0,1,FalsePositive,-11.135023294211521,-26.89364584213845,1,0,0,0,0,FalsePositive,-26.934327935727165,-143.18139786101403,0,0,0,0,0,FalsePositive,-147.1177971403811,97.97828351261069,0,1,1,Sous-perf. courte,0,FalsePositive,-14.455247711995538,-59.16824754270139,1,1,0,0,1,FalsePositive,-21.846754268082027,48.850266416041656,0,1,0,0,1,FalsePositive
2018-08-09,125.72781608571823,-44.736721023396115,0,1,0,0,1,TrueNegative,130.11533454372193,-71.42159608178729,1,0,0,0,0,TrueNegative,60.402991300656204,-41.72017637577801,1,0,0,0,0,TrueNegative,6.915966965200325,-22.891010053519256,1,0,0,0,0,TrueNegative,-21.945095228662648,-47.36618091725271,0,0,0,0,0,TrueNegative,-102.73122885252593,3.6614620855904985,0,1,0,0,1,TrueNegative,138.7745603166919,-40.16511041673753,0,0,0,0,0,TrueNegative,81.71873671692873,117.27898749264307,1,0,0,0,0,TrueNegative
2018-08-10,45.49224028679248,48.2666239785027,0,1,0,0,1,TrueNegative,-15.567530077281262,38.06396422476476,0,1,0,0,1,TrueNegative,-25.1652438300829,-6.777682174052245,1,0,0,0,0,TrueNegative,-31.131467378054403,-10.541397597262915,1,0,0,0,0,TrueNegative,-41.878518974934266,-17.41334656066228,1,1,0,0,1,TrueNegative,-12.700211011081791,-103.65023150542315,1,0,0,0,0,TrueNegative,-25.73509374545027,0.1980866541829759,0,0,0,0,0,TrueNegative,-26.374403223599916,-4.760811165503743,1,0,0,0,0,TrueNegative
2018-08-11,206.17017861001275,18.001402190052154,0,1,1,Sous-perf. longue,0,TrueNegative,150.8275395948478,33.583015529139814,0,1,1,Sous-perf. longue,0,TrueNegative,-62.940049978822415,6.3805882364483315,1,0,0,0,0,TrueNegative,-45.12075305708429,1.9972113371244276,1,0,1,Sous-perf. longue,65535,TrueNegative,-37.74863259008868,78.97119288163417,0,0,0,0,0,TrueNegative,98.52829654277286,-11.811271266561585,1,0,0,0,0,TrueNegative,-59.10422612783576,-23.8831536926721,0,0,0,0,0,TrueNegative,-46.46114419546113,-5.379867982504226,1,0,0,0,0,TrueNegative
2018-08-12,242.83048420353217,2.115422499894989,1,0,1,Sous-perf. longue,65535,TrueNegative,198.90594034658443,22.98470066917705,1,0,1,Sous-perf. longue,65535,TrueNegative,-19.018714352703565,20.54570590572124,1,0,0,0,0,TrueNegative,20.0483246395402,1.5877717304388843,1,0,1,Sous-perf. longue,65535,TrueNegative,-5.389295117835079,28.64811014412165,1,1,0,0,1,TrueNegative,29.724943791195916,-8.421915077619074,1,0,0,0,0,TrueNegative,-44.74284845308035,-16.643920967434216,0,0,0,0,0,TrueNegative,-16.445444930464298,-17.762448525413145,1,0,0,0,0,TrueNegative
2018-08-13,6.66777938503573,-3.0608171402704536,0,1,0,0,1,FalsePositive,3.9829847164698955,-11.37380527403149,0,1,0,0,1,FalsePositive,-59.85872568224722,14.781214288159727,0,1,0,0,1,FalsePositive,-69.75826839577067,25.428263124484868,1,0,0,0,0,FalsePositive,0.6866250292317759,27.844678038444844,0,0,0,0,0,FalsePositive,52.04006880478039,19.777765370770236,1,0,0,0,0,FalsePositive,-50.7076334112535,-31.337056157951547,1,1,0,0,1,FalsePositive,-59.402383681046175,-4.8355395927287255,0,1,0,0,1,FalsePositive
2018-08-14,114.1067643861753,-70.41499978503954,0,1,1,Sous-perf. courte,0,TrueNegative,115.60714523233612,-111.32668352427527,0,1,1,Sous-perf. courte,0,TrueNegative,20.034187853538437,-48.28274717302265,1,0,0,0,0,TrueNegative,0.499929398722581,-34.5984166211847,1,0,0,0,0,TrueNegative,-50.32120511945917,-93.25444129188283,0,0,1,Sous-perf. courte,65535,TrueNegative,-55.60309927713163,178.51494701448638,1,0,1,Sous-perf. courte,65535,TrueNegative,149.7792835736234,-152.21556567338394,0,0,0,0,0,TrueNegative,67.79949053325221,158.83578164829973,1,0,0,0,0,TrueNegative
2018-08-15,195.71464061399726,71.64279786030674,0,1,1,Sous-perf. longue,0,FalsePositive,165.56421921557018,71.9816261531545,0,1,1,Sous-perf. longue,0,FalsePositive,-24.537717142427443,29.725245609393138,1,0,0,0,0,FalsePositive,-28.85705641467308,36.08063224403438,1,0,1,Sous-perf. longue,65535,FalsePositive,-13.98425140370486,42.25078342498152,1,1,0,0,1,FalsePositive,12.019503638164519,36.760409333958705,1,0,0,0,0,FalsePositive,-86.53973375010467,21.70726381756721,0,0,0,0,0,FalsePositive,-98.25854682854809,-55.9995857875363,0,1,0,0,1,FalsePositive
2018-08-16,303.03773405697376,-5.769656502847957,1,0,1,Sous-perf. courte,65535,TrueNegative,244.33980637896735,-10.37321013927413,1,0,1,Sous-perf. courte,65535,TrueNegative,-2.6922940738440206,7.650020315164702,1,0,0,0,0,TrueNegative,42.832785194587075,-6.343680588975582,1,0,0,0,0,TrueNegative,-2.4068758638058347,35.846849489773746,0,0,0,0,0,TrueNegative,42.12932758275793,1.829258498165664,1,0,0,0,0,TrueNegative,-40.76579510892046,-8.59350805382735,0,0,0,0,0,TrueNegative,29.33119558478331,-8.870169914750264,1,0,0,0,0,TrueNegative
2018-08-17,-71.28323203126361,-30.38990917914641,0,1,0,0,1,TrueNegative,-58.006896837996464,-33.60800918037328,0,1,0,0,1,TrueNegative,-55.77964248427066,-13.231532569135144,1,0,0,0,0,TrueNegative,-89.55236823601078,-2.733442571116948,1,0,0,0,0,TrueNegative,-21.38049612048715,4.69670022752642,0,0,0,0,0,TrueNegative,-0.9784303886709024,2.377790325671502,1,0,0,0,0,TrueNegative,-38.870025990023095,-59.484482076154144,0,0,0,0,0,TrueNegative,-42.10183173101451,36.721866119109826,1,0,0,0,0,TrueNegative
2018-08-18,247.18072867422484,47.89210972658083,0,1,1,Sous-perf. longue,0,TrueNegative,199.2784802927897,57.46650277358569,0,1,1,Sous-perf. longue,0,TrueNegative,-4.17225139985667,-2.1238304804275407,1,0,0,0,0,TrueNegative,4.695069240224658,7.225094606670745,1,0,1,Sous-perf. longue,65535,TrueNegative,-17.55369082597787,49.84282201436186,1,1,0,0,1,TrueNegative,79.14127729892415,-29.189937982615103,1,0,0,0,0,TrueNegative,-76.78503900284505,8.329455643208934,0,0,0,0,0,TrueNegative,-36.378435537838826,-51.02191021537613,1,0,0,0,0,TrueNegative
2018-08-19,256.3837916700986,5.2260346950229435,1,0,1,Sous-perf. longue,65535,FalsePositive,205.5260106988512,10.01385995812671,0,1,1,Sous-perf. longue,0,FalsePositive,-9.741303129358496,6.822837890821566,0,1,0,0,1,FalsePositive,14.70233373813623,6.287614225537112,1,0,0,0,0,FalsePositive,-3.84418332904034,51.51985543446424,0,0,0,0,0,FalsePositive,68.64534180635003,-4.7119039083167795,1,0,0,0,0,FalsePositive,-34.547357992061514,-3.0218026330488876,1,1,0,0,1,FalsePositive,-5.324787186771599,-23.051568329407953,0,1,0,0,1,FalsePositive
2018-08-20,37.372820772194494,95.50419301919953,0,1,1,Sous-perf. courte,0,TrueNegative,43.49241645534792,67.5232005143909,0,1,1,Sous-perf. courte,0,TrueNegative,19.268472095176122,1.317744495196151,1,0,0,0,0,TrueNegative,48.26521580396981,9.854527781798645,1,0,0,0,0,TrueNegative,2.5902835975815517,73.21488569669992,1,1,0,0,1,TrueNegative,111.58504244090948,-154.30045361294412,1,0,0,0,0,TrueNegative,169.7486422798396,-97.16935594909643,0,0,0,0,0,TrueNegative,262.0135227734668,27.85602807293864,1,0,0,0,0,TrueNegative
2018-08-21,301.7295939623348,35.65985297461475,0,1,1,Sous-perf. longue,0,TruePositive,238.2075859390873,45.03470513578665,0,1,1,Sous-perf. longue,0,TruePositive,-6.770869703813941,26.00797354838775,0,1,0,0,1,TruePositive,34.98933584002773,19.955381279161752,1,0,0,0,0,TruePositive,-1.372734939008404,62.9242095348819,0,0,0,0,0,TruePositive,71.98967695242436,-17.45909389449849,0,1,0,0,1,TruePositive,-41.12525887618215,11.812534316920548,1,1,1,Sous-perf. courte,0,TruePositive,-7.272198695975976,-35.65175983102253,0,1,1,Sous-perf. courte,0,TruePositive
2018-08-22,272.67114488413085,24.64643745194096,0,1,1,Sous-perf. longue,0,FalsePositive,213.99631894415464,-6.239907301377829,0,1,1,Sous-perf. longue,0,FalsePositive,68.80646906390707,10.463447565345618,0,1,0,0,1,FalsePositive,137.7804451485703,-14.102429820392643,1,0,1,Sous-perf. longue,65535,FalsePositive,13.448798467213882,-58.958301612803524,0,0,0,0,0,FalsePositive,-105.66882048362872,-168.94443173387268,0,1,0,0,1,FalsePositive,69.35729524893897,46.09980520579837,0,0,0,0,0,FalsePositive,140.51880881633204,-21.219224320614945,0,1,0,0,1,FalsePositive
2018-08-23,229.91493466712126,6.083440614548006,1,0,1,Sous-perf. longue,65535,TrueNegative,187.10319917547065,-23.86668825332096,1,0,1,Sous-perf. longue,65535,TrueNegative,46.96265704966213,-10.059950866646718,1,0,0,0,0,TrueNegative,54.80212258555389,4.341044058796254,1,0,0,0,0,TrueNegative,28.011331681689995,-59.60561154355955,1,1,0,0,1,TrueNegative,-45.211142273271086,-17.065078328858828,1,0,0,0,0,TrueNegative,21.7626815652659,-1.8574268420438846,0,0,0,0,0,TrueNegative,32.89177629109559,12.554542096311405,1,0,0,0,0,TrueNegative
2018-08-24,-44.06098776611179,-57.57403530274269,1,0,0,0,0,TrueNegative,-40.342500706907984,-48.4026264157076,1,0,0,0,0,TrueNegative,-99.27144838082013,-6.6872177079514366,1,0,0,0,0,TrueNegative,-97.58722300825116,5.900168915939509,1,0,0,0,0,TrueNegative,-23.151197503015926,86.40801969800116,0,0,0,0,0,TrueNegative,122.7978726391231,-84.00176654783257,1,0,0,0,0,TrueNegative,-32.74049263433845,-53.632255502615045,0,0,0,0,0,TrueNegative,-31.26394150113315,45.95546507414586,1,0,0,0,0,TrueNegative
2018-08-25,-73.6993164945691,-62.5397764604095,0,1,0,0,1,FalsePositive,-65.1749413073918,-61.80266069160231,0,1,0,0,1,FalsePositive,-82.33328424764758,-16.513948265715314,1,0,0,0,0,FalsePositive,-92.62174560196503,-8.483459625881592,1,0,0,0,0,FalsePositive,-19.935858540212966,31.894786294715765,0,0,0,0,0,FalsePositive,38.92528437272691,-23.98775195969612,1,0,0,0,0,FalsePositive,-63.48818420253782,-41.26700166603747,0,0,0,0,0,FalsePositive,-33.44191786296595,12.602653169899588,0,1,0,0,1,FalsePositive
2018-08-26,237.16456172355413,96.94818368356353,1,0,1,Sous-perf. longue,65535,TrueNegative,164.42850574986832,75.02753390979585,1,0,1,Sous-perf. longue,65535,TrueNegative,-6.447488971958959,37.77695139958601,1,0,0,0,0,TrueNegative,20.295691856522563,32.571093099026875,1,0,1,Sous-perf. longue,65535,TrueNegative,-14.771718083090875,17.641579403244368,1,1,0,0,1,TrueNegative,-19.4390241690441,84.69732587578095,1,0,0,0,0,TrueNegative,-43.31906770928754,-11.495460447440088,0,0,0,0,0,TrueNegative,38.76496596022012,-21.38486981062051,1,0,0,0,0,TrueNegative
2018-08-27,23.588784925729154,-72.63129916347614,1,0,0,0,0,FalsePositive,37.2149803615033,-88.87175688675907,1,0,1,Sous-perf. courte,65535,FalsePositive,-35.2751192034407,-16.186907818664828,0,1,0,0,1,FalsePositive,-63.353932490904036,-2.3440031183519117,1,0,0,0,0,FalsePositive,-20.115777020578474,65.19144905993502,0,0,0,0,0,FalsePositive,71.2480144803591,-7.912660387258385,1,0,0,0,0,FalsePositive,1.3511566453946968,-4.176317932246339,0,0,0,0,0,FalsePositive,-34.628460462806345,-3.4846821325686825,0,1,0,0,1,FalsePositive
2018-08-28,9.819048404229633,71.54992973106485,1,0,0,0,0,TrueNegative,-0.10366757918989995,111.55502692075376,1,0,0,0,0,TrueNegative,23.673682638203765,31.281441310653715,1,0,0,0,0,TrueNegative,73.77286620796633,10.149843788755721,1,0,0,0,0,TrueNegative,4.103419593278006,7.6022557205369,1,1,0,0,1,TrueNegative,8.518462841493628,-18.774549428279737,1,0,0,0,0,TrueNegative,3.2275758395511334,29.35439401040441,0,0,0,0,0,TrueNegative,74.28735575570124,-26.174879934554152,1,0,0,0,0,TrueNegative
2018-08-29,-94.7670633014925,-44.50806456692167,1,0,0,0,0,TrueNegative,-99.75745163127091,-57.851288489029926,1,0,0,0,0,TrueNegative,-19.308481798177418,-36.45866624561154,1,0,0,0,0,TrueNegative,-62.75169250664019,-15.295583391283355,0,1,0,0,1,TrueNegative,-23.444281567430366,-13.376985160194797,1,1,0,0,1,TrueNegative,10.892020171254268,85.1848849467934,1,0,0,0,0,TrueNegative,18.88566759185314,-26.572706266839834,0,0,0,0,0,TrueNegative,-18.996408601288437,31.498997688807126,1,0,0,0,0,TrueNegative
2018-08-30,-69.87276689397966,34.05705295775374,1,0,0,0,0,TrueNegative,-58.346833306352,34.615009270976635,1,0,0,0,0,TrueNegative,-44.32446681952543,-31.314030891642044,1,0,0,0,0,TrueNegative,273.8051423487185,-97.90159332321291,0,1,1,Sous-perf. courte,0,TrueNegative,115.54831677304031,78.19807040230896,1,1,0,0,1,TrueNegative,157.31245205252418,-10.419668864056485,1,0,0,0,0,TrueNegative,-128.50071641889315,-173.64742015456764,0,0,0,0,0,TrueNegative,-136.95432362214723,103.8186835086618,1,0,0,0,0,TrueNegative
2018-08-31,-30.444878776058218,-35.14546812449184,1,0,0,0,0,TrueNegative,-14.163734944277891,-43.980442281290664,1,0,0,0,0,TrueNegative,-24.137220642436745,-12.476990111470341,1,0,0,0,0,TrueNegative,256.82700371759023,-71.82824938872581,0,1,1,Sous-perf. courte,0,TrueNegative,9.827177770566387,79.38533708593015,1,1,0,0,1,TrueNegative,110.37491327118448,-63.26182636367851,1,0,0,0,0,TrueNegative,-6.5472375202316115,-6.0543024171440685,0,0,0,0,0,TrueNegative,-41.90228639479591,24.117139219391177,1,0,0,0,0,TrueNegative
2018-09-01,-124.9264717429396,68.41069817239082,1,0,0,0,0,TrueNegative,-146.985361477172,61.0399924414384,1,0,0,0,0,TrueNegative,-111.42976119405337,60.32043841434116,1,0,0,0,0,TrueNegative,465.8825884946104,-24.580420022544583,0,1,1,Sous-perf. longue,0,TrueNegative,-18.82800829225364,113.07110068489727,1,1,0,0,1,TrueNegative,97.10873666873452,-13.288869165238784,1,0,0,0,0,TrueNegative,-107.62821513538755,-0.4740231330401483,0,0,0,0,0,TrueNegative,-97.31884960812914,-9.940674852919889,1,0,0,0,0,TrueNegative
2018-09-02,-103.63369954026568,70.25716423515345,1,0,0,0,0,TrueNegative,-133.0663204962904,69.34117014931728,1,0,0,0,0,TrueNegative,-102.94930835996418,61.63300306011267,1,0,0,0,0,TrueNegative,501.176989418919,-46.90752292885438,0,1,1,Sous-perf. longue,0,TrueNegative,0.05801516563778962,110.37951894869894,1,1,0,0,1,TrueNegative,100.20527798862557,-26.77550504110494,1,0,0,0,0,TrueNegative,-109.41737122782763,12.48489375449825,0,0,0,0,0,TrueNegative,-96.62329512158647,-20.263632142346815,1,0,0,0,0,TrueNegative
2018-09-03,-121.61233912253502,65.74021505771255,1,0,0,0,0,FalsePositive,-125.12703377108436,65.12349778848503,1,0,0,0,0,FalsePositive,-94.64659718015443,43.94203610365667,0,1,0,0,1,FalsePositive,444.3486047046457,-23.148385638466756,0,1,1,Sous-perf. longue,0,FalsePositive,-5.247017231350475,72.03351614546608,0,0,0,0,0,FalsePositive,52.106564710706614,-8.887324403066014,0,1,0,0,1,FalsePositive,-85.12824118058796,5.790920642949609,1,1,0,0,1,FalsePositive,-80.78511307977642,-8.52736663825624,0,1,0,0,1,FalsePositive
2018-09-04,-9.99664486353591,37.808634016386144,1,0,0,0,0,TrueNegative,-13.427686636037212,14.062294603524762,1,0,0,0,0,TrueNegative,16.466822095915305,21.363708997244288,1,0,0,0,0,TrueNegative,494.04428629965173,-32.4640235447058,0,1,1,Sous-perf. longue,0,TrueNegative,-27.986581418897234,-81.08308956895044,1,1,0,0,1,TrueNegative,-163.3542251502607,-66.21403670904488,1,0,0,0,0,TrueNegative,46.26105614142842,-42.504472465195875,0,0,0,0,0,TrueNegative,86.36482377327758,25.505863324158287,1,0,0,0,0,TrueNegative
2018-09-05,-117.76137501096554,41.094808301350774,1,0,0,0,0,TrueNegative,-108.4905219940032,39.19915069126382,1,0,0,0,0,TrueNegative,-80.56656014702183,36.851833175008245,1,0,0,0,0,TrueNegative,280.38257298283696,9.446118931914569,1,0,1,Sous-perf. longue,65535,TrueNegative,-2.936483159479377,71.2185970812834,0,0,0,0,0,TrueNegative,72.7090862048123,-25.93202252008506,1,0,0,0,0,TrueNegative,-52.516155234451716,13.27526976636608,0,0,0,0,0,TrueNegative,-50.66452965540918,-19.87704449960974,1,0,0,0,0,TrueNegative
2018-09-06,-110.13448896773386,-32.09643208517183,1,0,0,0,0,TrueNegative,-88.07104604885114,-36.776111437201344,1,0,0,0,0,TrueNegative,-55.726603579225774,-20.451621943204433,1,0,0,0,0,TrueNegative,-101.96118457619482,-11.72224667506043,1,0,0,0,0,TrueNegative,-22.29272446948371,20.386039552781078,0,0,0,0,0,TrueNegative,30.851480334551162,-7.168903418762543,0,1,0,0,1,TrueNegative,-21.078116854846424,-17.45006361846652,0,0,0,0,0,TrueNegative,-40.0778379970923,19.66844872901611,1,0,0,0,0,TrueNegative
2018-09-07,-43.33108842744243,28.977417388881108,1,0,0,0,0,TrueNegative,-42.9856886409112,27.33581279249946,1,0,0,0,0,TrueNegative,5.799057408761087,44.197443179231996,0,1,0,0,1,TrueNegative,-39.137960964957905,7.499940611026888,1,0,0,0,0,TrueNegative,-23.190449635170054,-6.228688322663982,0,0,0,0,0,TrueNegative,-37.57655903469058,-163.23901473646353,1,0,1,Sous-perf. courte,65535,TrueNegative,-106.89951637310796,37.77521307473755,0,0,0,0,0,TrueNegative,-54.72984555942921,-59.85236236121349,1,0,0,0,0,TrueNegative
2018-09-08,-38.91246243701258,63.060760399145956,1,0,0,0,0,TrueNegative,-37.13864368106538,82.8983102323604,1,0,0,0,0,TrueNegative,-1.7849953607849618,77.52807397007103,1,0,0,0,0,TrueNegative,-21.90356763428253,26.762524646376022,1,0,0,0,0,TrueNegative,-20.841696732287602,35.30557662490513,0,0,0,0,0,TrueNegative,26.396116386226545,-36.704471606845026,1,0,0,0,0,TrueNegative,-26.868510019637146,56.347501054722045,0,0,0,0,0,TrueNegative,-8.129546377552357,-44.14221219036859,1,0,0,0,0,TrueNegative
2018-09-09,-46.33454432833313,57.35894356524425,1,0,0,0,0,FalsePositive,-27.828022567538326,67.16182701038586,1,0,0,0,0,FalsePositive,-25.289891215557805,70.0224123961713,0,1,0,0,1,FalsePositive,-68.51348114089689,50.76042923223349,1,0,0,0,0,FalsePositive,6.550573221508368,-0.493774722587885,0,0,0,0,0,FalsePositive,-8.719337052613712,-0.4378659331795429,1,0,0,0,0,FalsePositive,-67.25260344715232,34.45658248942037,0,0,0,0,0,FalsePositive,-56.514031378408994,-54.7784716755997,1,0,0,0,0,FalsePositive
2018-09-10,-5.116116837034306,49.836126358234516,1,0,0,0,0,FalsePositive,-19.180902509506907,71.89930331472824,1,0,0,0,0,FalsePositive,48.20544327900282,60.05768099324982,0,1,0,0,1,FalsePositive,11.951317699739217,23.45845700705198,1,0,0,0,0,FalsePositive,4.14347165742395,-15.16774362125758,0,0,0,0,0,FalsePositive,-17.105550059342942,-29.46816672803077,0,1,0,0,1,FalsePositive,-11.952227624907044,81.05316914262082,1,1,0,0,1,FalsePositive,28.16717917702707,-75.31594504111672,0,1,0,0,1,FalsePositive
2018-09-11,28.143325792193576,46.246032680915164,1,0,0,0,0,FalsePositive,13.345057245419088,62.39341250381656,1,0,0,0,0,FalsePositive,94.10839396383481,54.11986179720403,0,1,0,0,1,FalsePositive,73.07912675609269,2.6168938425120993,1,0,0,0,0,FalsePositive,8.020227435888762,-43.0082012984117,1,1,0,0,1,FalsePositive,-47.818329160566456,-27.476448368390407,1,0,0,0,0,FalsePositive,34.22361906596129,90.33816625221316,1,1,0,0,1,FalsePositive,70.39978254684067,-76.73807099156994,0,1,0,0,1,FalsePositive
2018-09-12,-13.4781303612524,17.07901695330086,1,0,0,0,0,TrueNegative,-23.041949177725908,16.456133278249677,1,0,0,0,0,TrueNegative,79.60935173840109,2.3523797674454916,1,0,0,0,0,TrueNegative,67.25368688793445,2.3411987853448735,1,0,0,0,0,TrueNegative,24.578905795009042,-1.3204373394595623,0,0,0,0,0,TrueNegative,-9.320399051831215,114.8433831316146,1,0,0,0,0,TrueNegative,115.3151489618077,33.042538955242456,0,0,0,0,0,TrueNegative,148.2769388361283,-12.207144685040195,1,0,0,0,0,TrueNegative
2018-09-13,-48.94467474627972,-14.422305004244587,1,0,0,0,0,TrueNegative,-31.705213726299057,-32.55166957009984,1,0,0,0,0,TrueNegative,7.42956141339222,-6.33436149928706,1,0,0,0,0,TrueNegative,-43.7036441695765,16.325421853384867,1,0,0,0,0,TrueNegative,9.333442844185875,4.8883696889755885,0,0,0,0,0,TrueNegative,7.7569546403209655,11.206253204624678,1,0,0,0,0,TrueNegative,-4.495451081918284,6.499281330896665,0,0,0,0,0,TrueNegative,2.7973956793000734,-18.456494633182324,1,0,0,0,0,TrueNegative
2018-09-14,-72.72328344634505,-37.79707728121338,1,0,0,0,0,TrueNegative,-70.04397682531663,-41.20840958337499,1,0,0,0,0,TrueNegative,5.34938099695403,-25.688352201052112,0,1,0,0,1,TrueNegative,-46.28381984275217,-20.37436833944559,1,0,0,0,0,TrueNegative,-12.83091944564859,-41.99821293627578,0,0,0,0,0,TrueNegative,-3.5017979485084028,91.66158067712827,1,0,0,0,0,TrueNegative,-113.36316689288593,32.45080643040405,0,0,0,0,0,TrueNegative,-94.0723495344219,-98.1613991842088,1,0,0,0,0,TrueNegative
2018-09-15,-8.98660376294367,40.16324579096973,1,0,0,0,0,FalsePositive,-39.58770382798065,58.74908740507893,1,0,0,0,0,FalsePositive,31.274762031279504,63.54146801307466,0,1,0,0,1,FalsePositive,-6.58130602914215,3.632739341089068,1,0,0,0,0,FalsePositive,-21.435687900750978,8.80751657301365,0,0,0,0,0,FalsePositive,8.018812740782883,-27.8360213987142,0,1,0,0,1,FalsePositive,-28.809320938290842,78.06134195695424,1,1,0,0,1,FalsePositive,6.863246754458779,-71.55154065165686,0,1,0,0,1,FalsePositive
2018-09-16,-28.30128289947562,40.43733973818278,0,1,0,0,1,FalsePositive,-24.604662245168466,52.212613331833744,1,0,0,0,0,FalsePositive,63.31500467260538,44.74001630068496,0,1,0,0,1,FalsePositive,44.02664008117683,15.730731263001346,0,1,0,0,1,FalsePositive,5.901728663689489,-42.18999357049395,0,0,0,0,0,FalsePositive,-55.73161654179667,-36.309520344283136,0,1,0,0,1,FalsePositive,31.711963012767644,61.785007446812976,1,1,0,0,1,FalsePositive,63.17387962717149,-39.98475227093789,0,1,0,0,1,FalsePositive
2018-09-17,78.05777018073564,-9.287991399311478,1,0,0,0,0,TrueNegative,40.90985316853536,3.9992600123003923,1,0,0,0,0,TrueNegative,150.150634860591,14.411186311095427,0,1,0,0,1,TrueNegative,118.71839161639988,-31.830366592286676,0,1,0,0,1,TrueNegative,14.04664505570005,-129.09206991222644,1,1,0,0,1,TrueNegative,-134.68704981039255,-16.408901358377083,1,0,0,0,0,TrueNegative,91.8056492231194,81.1251978710897,0,0,0,0,0,TrueNegative,128.59495875374753,-33.416421131158614,1,0,0,0,0,TrueNegative
2018-09-18,-96.42310407227289,16.83368764052619,0,1,0,0,1,FalsePositive,-83.06619900883366,22.501128042183755,0,1,0,0,1,FalsePositive,223.81941501304678,-41.25394696883786,0,1,1,Déconnexion,0,FalsePositive,239.84071290883816,-107.50314126404861,1,0,1,Déconnexion,65535,FalsePositive,1084.1200638289781,4.6729239932015485,0,0,1,Déconnexion,65535,FalsePositive,29.96098059050024,-8.201118658072371,0,1,0,0,1,FalsePositive,-43.12213392384383,38.96851536449583,1,1,0,0,1,FalsePositive,-38.73816585037105,-44.27590547834793,0,1,0,0,1,FalsePositive
2018-09-19,110.20980256695782,-115.1498692538949,0,1,0,0,1,FalsePositive,82.54563506637155,-119.42584607582089,0,1,0,0,1,FalsePositive,125.66690323427999,-54.337216169246545,0,1,0,0,1,FalsePositive,32.659366128458295,-48.22282414468859,1,0,0,0,0,FalsePositive,-11.39474402115774,-139.00008566821012,0,0,0,0,0,FalsePositive,-112.19851923431766,33.99003456559512,0,1,0,0,1,FalsePositive,82.43767801952164,13.944485505075084,1,1,0,0,1,FalsePositive,118.59097196944514,13.747546098035267,0,1,0,0,1,FalsePositive
2018-09-20,78.26315021450128,-29.708329471734146,1,0,0,0,0,TrueNegative,85.11693925353309,-5.286384212575822,1,0,0,0,0,TrueNegative,123.61402591157022,-8.109117927623918,1,0,0,0,0,TrueNegative,41.249259614739,-31.55814242472048,1,0,0,0,0,TrueNegative,-0.782673956886926,-139.39477483491285,0,0,0,0,0,TrueNegative,-137.11071248780172,-87.0753213219903,1,0,0,0,0,TrueNegative,104.97584824657069,32.58038301640742,0,0,0,0,0,TrueNegative,108.13858326066327,3.953872842706142,1,0,0,0,0,TrueNegative
2018-09-21,-148.12429377893613,-13.85058928267997,1,0,0,0,0,TrueNegative,-124.20898804718101,-13.661141495958837,1,0,0,0,0,TrueNegative,-69.51918082316666,-2.893485508830041,0,1,0,0,1,TrueNegative,-116.07220044746714,14.93826729933582,1,0,0,0,0,TrueNegative,-16.992371042518762,40.259676374116495,0,0,0,0,0,TrueNegative,51.621584753266106,5.423938753029719,1,0,0,0,0,TrueNegative,-52.992542905325045,-2.84719109434969,0,0,0,0,0,TrueNegative,-58.63339947833929,-2.730675293399678,0,1,0,0,1,TrueNegative
2018-09-22,-54.13764161185207,-29.006665824413833,1,0,0,0,0,TrueNegative,-46.229512301395914,-48.91435299980494,1,0,0,0,0,TrueNegative,28.380631842217902,-48.432076443443556,1,0,0,0,0,TrueNegative,-51.795892210181364,-46.71337328225058,1,0,0,0,0,TrueNegative,-29.71477778162293,-53.84955499435265,0,0,0,0,0,TrueNegative,-33.95303434768218,35.211613672469895,0,1,0,0,1,TrueNegative,12.592297038805292,-48.33978405353248,0,0,0,0,0,TrueNegative,12.35046325964363,61.701651778234414,1,0,0,0,0,TrueNegative
2018-09-23,-67.24875755664559,21.98306559044206,1,0,0,0,0,TrueNegative,-42.997526332922554,33.699371304995715,1,0,0,0,0,TrueNegative,-34.63603420708914,-13.45712099459,0,1,0,0,1,TrueNegative,-90.54448697454649,-11.684591968368874,1,0,0,0,0,TrueNegative,12.52491530070938,-39.218793186920585,0,0,0,0,0,TrueNegative,-50.205535863705045,64.6812156142839,0,1,1,Sous-perf. longue,0,TrueNegative,-59.73731741801563,-0.47863062186577215,0,0,0,0,0,TrueNegative,-84.59790543820517,32.05247958925958,1,0,0,0,0,TrueNegative
2018-09-24,6.250819445617531,-114.70054338301206,1,0,0,0,0,TrueNegative,-8.959369798650147,-180.2159633843634,1,0,0,0,0,TrueNegative,65.46725445370998,-72.56421055593307,1,0,0,0,0,TrueNegative,-42.694500550698756,-19.19071910975097,1,0,0,0,0,TrueNegative,-10.025435929288863,-51.53254563835423,0,0,0,0,0,TrueNegative,-120.57314132053227,169.5373333663642,1,0,1,Sous-perf. courte,65535,TrueNegative,-86.26539566919925,-63.05585817680821,0,0,0,0,0,TrueNegative,-62.0068023551801,90.82941739119615,1,0,0,0,0,TrueNegative
2018-09-25,-66.26468315546938,23.64312919405233,1,0,0,0,0,FalsePositive,-85.73203526625599,42.221287783563575,1,0,0,0,0,FalsePositive,-9.066058332016606,47.421571553997154,0,1,0,0,1,FalsePositive,-92.09313218777274,0.5121937116258114,1,0,0,0,0,FalsePositive,-33.19991673122429,43.274467763962456,0,0,0,0,0,FalsePositive,36.308818868385735,-18.003164062888278,0,1,0,0,1,FalsePositive,-60.605375656749146,52.21336447981847,1,1,0,0,1,FalsePositive,-33.218877150392714,-35.22164652156839,0,1,0,0,1,FalsePositive
2018-09-26,10.556958737221482,-13.747610300344652,1,0,0,0,0,FalsePositive,-13.721974522003375,10.469003921539217,1,0,0,0,0,FalsePositive,92.58873396432782,19.168871551715807,0,1,0,0,1,FalsePositive,18.03702541012153,-30.492876617660563,1,0,0,0,0,FalsePositive,-10.014657402104234,-70.26670629956631,0,0,0,0,0,FalsePositive,-80.04535922315044,-7.487637767281095,0,1,0,0,1,FalsePositive,48.89592641090423,72.75933043709335,1,1,0,0,1,FalsePositive,74.49994195638214,-36.65282547515769,0,1,0,0,1,FalsePositive
2018-09-27,42.262067850557486,3.1851080220109567,1,0,0,0,0,FalsePositive,15.814331002314798,26.893638976517632,1,0,0,0,0,FalsePositive,128.17573055296776,25.27220218192202,0,1,0,0,1,FalsePositive,60.03380294932877,-39.69096870061035,1,0,0,0,0,FalsePositive,-7.94369075281871,-104.71664782523894,0,0,0,0,0,FalsePositive,-115.10418327887635,-13.729163021231292,0,1,0,0,1,FalsePositive,72.50734735689605,92.54459297146158,1,1,0,0,1,FalsePositive,107.66590296319859,-50.07859342309776,0,1,0,0,1,FalsePositive
2018-09-28,-13.344917210349111,-36.94153171729734,1,0,0,0,0,TrueNegative,-24.64391223644468,-21.390102145716835,1,0,0,0,0,TrueNegative,106.03711062624116,-20.108949407307787,1,0,0,0,0,TrueNegative,24.427546119008067,-39.40140127908966,1,0,0,0,0,TrueNegative,-22.77093243306384,-81.3332113271376,0,0,0,0,0,TrueNegative,-94.2858556901338,26.246428171555007,1,0,0,0,0,TrueNegative,43.374746018529564,25.11114635483041,0,0,0,0,0,TrueNegative,59.20518348101664,-9.516122089655351,1,0,0,0,0,TrueNegative
2018-09-29,-107.9158414810068,-20.412121221362163,1,0,0,0,0,FalsePositive,-118.9593908792481,-11.704916501670954,1,0,0,0,0,FalsePositive,-20.592710532316943,-8.170574806598841,0,1,0,0,1,FalsePositive,-80.23505728353501,-5.439547353546787,1,0,0,0,0,FalsePositive,-14.733763713867155,15.814976762775723,0,0,0,0,0,FalsePositive,0.4451951822496699,-10.082017224932711,0,1,0,0,1,FalsePositive,-31.61665714759372,7.693015912249424,0,0,0,0,0,FalsePositive,4.857992037219092,-35.82410001409195,0,1,0,0,1,FalsePositive
2018-09-30,-39.43033900981383,-32.51947832929337,1,0,0,0,0,TrueNegative,-42.77575945601516,-26.899061307114067,1,0,0,0,0,TrueNegative,67.31213877556337,-8.79196444433221,0,1,0,0,1,TrueNegative,-9.939610910081454,-25.18709023577069,1,0,0,0,0,TrueNegative,-32.20968716942979,-58.63801496148197,0,0,0,0,0,TrueNegative,-52.12109804892679,6.582015323354577,1,0,0,0,0,TrueNegative,22.23393499985207,30.48647416387759,1,1,0,0,1,TrueNegative,37.008604566097205,2.553317498705797,0,1,0,0,1,TrueNegative
2018-10-01,-0.010958422649175343,-80.54200191672064,0,1,0,0,1,FalsePositive,7.946186898260316,-111.77695820581549,1,0,0,0,0,FalsePositive,96.1786708786067,-82.87515558141446,0,1,0,0,1,FalsePositive,2.38627979026708,-49.062764977599784,0,1,0,0,1,FalsePositive,-13.265967814537849,-42.61337350169271,0,0,0,0,0,FalsePositive,-15.988579690052374,-64.84460605387177,1,0,0,0,0,FalsePositive,54.461545948635205,-97.70313095032698,1,1,0,0,1,FalsePositive,16.581503061719317,107.17199454232238,1,0,0,0,0,FalsePositive
2018-10-02,-23.021753109093247,450.67418442936395,1,0,1,Retard prod.,65535,0,-122.76370731864432,2.245210975334566,1,0,1,Retard prod.,65535,0,116.50041311324783,366.12738614947125,1,0,1,Retard prod.,65535,0,222.27459831727785,690.5116751878013,1,0,1,Retard prod.,65535,0,-77.64129256196455,3.1547177385820313,0,0,1,Retard prod.,65535,0,-0.9800222867511686,-25.918275824519423,0,1,1,Retard prod.,0,0,-37.62953474610895,175.82195081431365,0,0,1,Retard prod.,65535,0,40.21617267940475,-130.53135428845147,1,0,1,Retard prod.,65535,0
2018-10-03,-52.22119160452546,-37.49930569651351,1,0,0,0,0,FalsePositive,-12.5467554461135,-2.7075686436410735,1,0,1,Retard prod.,65535,FalsePositive,-3.714816217300225,-29.78475147651395,0,1,0,0,1,FalsePositive,-69.27872423013012,-17.95447528513736,1,0,0,0,0,FalsePositive,-16.712763477557928,-44.023128128145274,0,0,0,0,0,FalsePositive,-45.63782652000405,-20.831891148599997,0,1,0,0,1,FalsePositive,4.863993577091808,-28.598052098100037,0,0,0,0,0,FalsePositive,-30.46702213411057,33.47862907820412,0,1,0,0,1,FalsePositive
2018-10-04,-5.952677913159477,-8.27250591552954,1,0,0,0,0,FalsePositive,-19.43712878148497,-2.1961783031041784,1,0,0,0,0,FalsePositive,50.583722823549934,-1.9906630168147543,0,1,0,0,1,FalsePositive,-19.444900604099843,-18.222152238680017,1,0,0,0,0,FalsePositive,-19.06971166033863,-36.728377587461104,0,0,0,0,0,FalsePositive,-49.227428359131515,-7.44906020283252,0,1,0,0,1,FalsePositive,-0.7919521247135896,52.66446789217133,1,1,0,0,1,FalsePositive,22.0121784229577,-23.07220841116402,0,1,0,0,1,FalsePositive
2018-10-05,27.876913959092047,-12.9308476821533,1,0,0,0,0,FalsePositive,7.463387973293299,0.11098897417229805,1,0,0,0,0,FalsePositive,129.6882558211062,-26.888502614592518,0,1,0,0,1,FalsePositive,65.91414698623302,-38.947103661300005,1,0,0,0,0,FalsePositive,-1.9360850657151092,-115.83618600086315,0,0,0,0,0,FalsePositive,-128.59798371664652,20.07394409753296,0,1,0,0,1,FalsePositive,83.00677562255754,56.051550256232346,0,0,0,0,0,FalsePositive,103.1121215331385,-14.613600774101766,0,1,0,0,1,FalsePositive
2018-10-06,-83.76933609929564,-5.324900216711681,1,0,0,0,0,TrueNegative,-79.03755437839924,-20.495707910030358,1,0,0,0,0,TrueNegative,44.96989657242264,-15.527599174240166,1,0,0,0,0,TrueNegative,-12.447569334389373,-4.034238680726765,1,0,0,0,0,TrueNegative,-5.109678860003603,-58.64449850437939,0,0,0,0,0,TrueNegative,-51.407210619374446,61.11316691874089,1,0,0,0,0,TrueNegative,-8.745587471259942,29.089702491720345,0,0,0,0,0,TrueNegative,32.54094476160246,-5.0306731384412675,1,0,0,0,0,TrueNegative
2018-10-07,-80.18268346838855,-58.96460295540266,1,0,0,0,0,TrueNegative,-57.53252910316474,-59.4530402500435,1,0,0,0,0,TrueNegative,-57.927420518749145,-40.71479145848648,1,0,0,0,0,TrueNegative,-125.69497326676841,-28.400351284291204,1,0,0,0,0,TrueNegative,-28.139658644792725,17.212982786885455,0,0,0,0,0,TrueNegative,30.067356249228137,76.3892953983256,1,0,0,0,0,TrueNegative,-59.744850568669534,-26.380948867564218,0,0,0,0,0,TrueNegative,-96.69069930366018,19.084618136071242,1,0,0,0,0,TrueNegative
2018-10-08,-109.56390252810861,-32.04571761317623,1,0,0,0,0,FalsePositive,-88.32887139290337,-33.1185254138622,1,0,0,0,0,FalsePositive,-23.018274773189876,-39.11302743688638,0,1,0,0,1,FalsePositive,-66.94844659476459,-25.62326467384009,1,0,0,0,0,FalsePositive,-22.065370164183072,-26.91742029365252,0,0,0,0,0,FalsePositive,-26.862037987405298,101.6435600936483,0,1,0,0,1,FalsePositive,18.67620431011731,-31.693109595627725,1,1,0,0,1,FalsePositive,-2.2686947053135262,70.51215899130342,0,1,0,0,1,FalsePositive
2018-10-09,7.083524381961208,-38.015012557415204,1,0,0,0,0,TrueNegative,30.92106070691571,-43.653301310745384,1,0,0,0,0,TrueNegative,79.75496004393949,-57.16953609201244,1,0,0,0,0,TrueNegative,7.297227313275602,-35.87726484774542,1,0,0,0,0,TrueNegative,-18.657800790747963,-90.31299388082056,0,0,0,0,0,TrueNegative,-92.80547278229139,-10.960511221025358,0,1,0,0,1,TrueNegative,88.93020052500597,11.348107687249719,0,0,0,0,0,TrueNegative,75.80693622368405,44.3858889301826,1,0,0,0,0,TrueNegative
2018-10-10,-97.40668462205254,-6.45945662732395,1,0,0,0,0,TrueNegative,-75.86958434712722,-14.830463954944964,1,0,0,0,0,TrueNegative,-12.638438535836894,-13.472870659577456,1,0,0,0,0,TrueNegative,-64.68230903212324,-8.207979296119403,1,0,0,0,0,TrueNegative,-8.241407790715444,-34.45334660210054,0,0,0,0,0,TrueNegative,-38.13577768934202,-58.56844272974597,1,0,0,0,0,TrueNegative,-31.935315594711156,3.465141853336685,0,0,0,0,0,TrueNegative,-17.817603706366373,-13.78412076680923,1,0,0,0,0,TrueNegative
2018-10-11,-86.22763401839363,1.7947913514296538,1,0,0,0,0,TrueNegative,-72.86351943920424,-0.5043962036757895,1,0,0,0,0,TrueNegative,-16.263614511774254,-6.872270874091718,0,1,0,0,1,TrueNegative,-60.01145968874874,13.41667562108452,1,0,0,0,0,TrueNegative,-0.31056552895849476,-16.861078672734035,0,0,0,0,0,TrueNegative,-20.14982541333809,-9.163345672791177,0,1,0,0,1,TrueNegative,-1.0502479594649685,10.297220529075936,0,0,0,0,0,TrueNegative,-4.050049372750377,-6.026067212486618,1,0,0,0,0,TrueNegative
2018-10-12,-85.61369440752408,-54.780139168848855,1,0,0,0,0,TrueNegative,-69.20602264387045,-63.63265261672452,1,0,0,0,0,TrueNegative,21.048542038389566,-30.199252738226065,1,0,0,0,0,TrueNegative,-51.66857513855753,-9.713065994987213,1,0,0,0,0,TrueNegative,-13.504038185768025,-59.11169697396149,0,0,0,0,0,TrueNegative,-37.950066352473726,7.077526485878031,0,1,0,0,1,TrueNegative,40.275918000868955,-23.056357374111197,0,0,0,0,0,TrueNegative,-2.467903398967387,28.282419152046458,1,0,0,0,0,TrueNegative
2018-10-13,-94.61975482529498,-15.071001057406892,1,0,0,0,0,FalsePositive,-70.1830642752966,-20.14695312350181,1,0,0,0,0,FalsePositive,-13.977351740301113,-20.923831624742252,1,0,0,0,0,FalsePositive,-63.43680304210907,11.733709851618192,1,0,0,0,0,FalsePositive,-17.279708618500404,-35.552502187615985,0,0,0,0,0,FalsePositive,-43.2152925940486,23.46202593159262,1,0,0,0,0,FalsePositive,0.41918591915321846,-5.160487606854245,1,1,0,0,1,FalsePositive,10.383435335485071,4.601417464219412,0,1,0,0,1,FalsePositive
2018-10-14,-94.72520427518123,-5.406651667321954,1,0,0,0,0,TrueNegative,-53.751769433566324,-7.198027165192688,1,0,0,0,0,TrueNegative,4.764396771486977,-26.075214277475755,1,0,0,0,0,TrueNegative,-30.571996169844038,-0.44038131854378915,1,0,0,0,0,TrueNegative,1.3029996515292128,-5.373822340183863,0,0,0,0,0,TrueNegative,-4.708457709414693,52.81458305347764,1,0,0,0,0,TrueNegative,81.63667013537065,-6.957132533757749,0,0,0,0,0,TrueNegative,47.534275155510414,45.61753407571255,1,0,0,0,0,TrueNegative
2018-10-15,-110.58752144237138,-26.19325452609245,1,0,0,0,0,TrueNegative,-84.63601850506528,-32.27921431948966,1,0,0,0,0,TrueNegative,-57.5528702319353,-15.98630602527276,0,1,0,0,1,TrueNegative,-109.8904900077972,-2.7279901360303236,1,0,0,0,0,TrueNegative,-21.996764224741774,22.725875598863034,0,0,0,0,0,TrueNegative,30.865520789083778,-2.725812420355331,0,1,0,0,1,TrueNegative,-37.99130621668767,-5.316669881937579,0,0,0,0,0,TrueNegative,-43.31779675725541,4.660400005815769,1,0,0,0,0,TrueNegative
2018-10-16,-42.84870289387603,-16.282979776272214,1,0,0,0,0,TrueNegative,-27.044134905446583,-20.549444432921298,1,0,0,0,0,TrueNegative,26.09960968840863,-35.90993068958451,1,0,0,0,0,TrueNegative,-7.370259531521614,-16.670457807905688,1,0,0,0,0,TrueNegative,-15.318065526874696,-152.71691959124593,0,0,1,Sous-perf. longue,65535,TrueNegative,-225.78693915854177,-104.18939469986988,1,0,1,Sous-perf. longue,65535,TrueNegative,-10.65363678904117,9.645405357157903,0,0,0,0,0,TrueNegative,-8.29017069710094,-47.42099697797646,1,0,0,0,0,TrueNegative
2018-10-17,-76.63291634185451,-83.19990125409889,1,0,0,0,0,TrueNegative,-36.82049071043893,-89.82192916240393,1,0,0,0,0,TrueNegative,-5.687982296565745,-29.936737000790597,1,0,0,0,0,TrueNegative,-69.52797700733126,-3.957460844548909,1,0,0,0,0,TrueNegative,-28.6286441763625,-13.54941441518983,0,0,0,0,0,TrueNegative,-23.380619966558378,-4.833136963906908,1,0,0,0,0,TrueNegative,32.34309739964573,-31.426273183217948,0,0,0,0,0,TrueNegative,-6.310182777179538,26.19619364073241,1,0,0,0,0,TrueNegative
2018-10-18,-71.48123695502767,-18.895154754354206,1,0,0,0,0,TrueNegative,-40.890361477792354,-16.969069671822844,1,0,0,0,0,TrueNegative,-37.698225641363166,-9.262013979306197,1,0,0,0,0,TrueNegative,-94.4476277370964,0.4875505903027279,1,0,0,0,0,TrueNegative,0.1533324992854973,2.7967416900158466,0,0,0,0,0,TrueNegative,-11.967966574407116,-17.808105698369136,1,0,0,0,0,TrueNegative,-19.131189002783536,-29.23722210763871,0,0,0,0,0,TrueNegative,-26.695991772510926,-13.211004109460434,1,0,0,0,0,TrueNegative
2018-10-19,-76.3508530394405,-18.015140445758878,1,0,0,0,0,TrueNegative,-32.02806470294967,-23.231292460564642,1,0,0,0,0,TrueNegative,-35.32707723438345,-1.8127124897231564,1,0,0,0,0,TrueNegative,-103.75497891332894,18.227816392415825,1,0,0,0,0,TrueNegative,-3.4455768593625438,26.505726308081925,0,0,0,0,0,TrueNegative,12.791194168906975,-9.907169253383366,1,0,0,0,0,TrueNegative,1.2923500985665608,-22.931965881976915,0,0,0,0,0,TrueNegative,-29.833617260728225,-8.12995410280718,1,0,0,0,0,TrueNegative
2018-10-20,-93.00802165843987,-73.4901851860669,1,0,0,0,0,FalsePositive,-57.99860213991096,-69.4425406912237,1,0,0,0,0,FalsePositive,-36.80325008012657,-26.057032776511512,1,0,0,0,0,FalsePositive,-82.3073643934284,-7.952256022781553,1,0,0,0,0,FalsePositive,-40.22813573490906,29.01537347594564,0,0,0,0,0,FalsePositive,-4.573703248238501,0.209051939978298,0,1,0,0,1,FalsePositive,0.012202784422910293,-19.25402840554376,0,0,0,0,0,FalsePositive,-17.577629590557745,-4.502936817443965,0,1,0,0,1,FalsePositive
2018-10-21,-46.655589867444704,0.03741087306502273,0,1,0,0,1,TrueNegative,-13.676376339024554,-8.77759054059863,0,1,0,0,1,TrueNegative,3.862508376355943,-22.01498604143628,0,1,0,0,1,TrueNegative,-34.731447986755896,-4.642579371750194,1,0,0,0,0,TrueNegative,6.877306409044841,3.194801166840617,1,1,0,0,1,TrueNegative,-34.35518058452789,8.44274813018989,1,0,0,0,0,TrueNegative,31.118406506040063,-3.823127161631114,0,0,0,0,0,TrueNegative,24.316516858428944,-1.542145924886154,1,0,0,0,0,TrueNegative
2018-10-22,-26.792588408245106,392.53734991254294,1,0,1,Retard prod.,65535,TrueNegative,17.393026810506505,416.360188889203,1,0,1,Retard prod.,65535,TrueNegative,-37.77338477687356,135.37851857745179,1,0,1,Retard prod.,65535,TrueNegative,-144.84936404559386,11.802550151268724,1,0,0,0,0,TrueNegative,-43.315310845159395,88.33439368062236,1,1,0,0,1,TrueNegative,58.458653582610076,-31.459377176855618,1,0,0,0,0,TrueNegative,-46.80986632731078,-16.511191780111876,0,0,0,0,0,TrueNegative,-68.6067812221168,-17.799671837910665,1,0,0,0,0,TrueNegative
2018-10-23,-132.26973202073466,-33.95105521140842,1,0,0,0,0,TrueNegative,-55.74178300839939,126.52887516683334,1,0,1,Retard prod.,65535,TrueNegative,-84.41886299037806,3.7012415294615595,1,0,0,0,0,TrueNegative,-118.20683712131337,20.0343177039984,1,0,0,0,0,TrueNegative,2.8143992805634332,61.06177929919249,1,1,0,0,1,TrueNegative,12.576121191313648,0.3468018973599174,1,0,0,0,0,TrueNegative,-62.59883277053423,-12.77910822500612,0,0,0,0,0,TrueNegative,-48.07148106194097,-26.69603454996366,1,0,0,0,0,TrueNegative
2018-10-24,-94.67938074515111,25.329850225252212,1,0,0,0,0,FalsePositive,-61.646094338647096,17.65211865700945,1,0,0,0,0,FalsePositive,-44.106610550026986,-22.205970705591692,1,0,0,0,0,FalsePositive,-87.5055083761326,-0.8878959507882009,1,0,0,0,0,FalsePositive,-5.18364781809265,45.53714066029886,0,0,0,0,0,FalsePositive,-6.80766577086013,-10.369600953949451,0,1,1,Sous-perf. longue,0,FalsePositive,-10.535876330536555,5.596110614575291,0,0,0,0,0,FalsePositive,-25.975994807472205,-29.00811313775026,0,1,0,0,1,FalsePositive
2018-10-25,-88.16313127396067,-26.89423521602299,1,0,0,0,0,TrueNegative,-53.360234570830144,-36.828394014318185,0,1,0,0,1,TrueNegative,2.314284038042421,-25.75332884705515,1,0,0,0,0,TrueNegative,-50.796164104006984,-16.868105226356292,1,0,0,0,0,TrueNegative,-6.262879988650914,1.1141829098870106,0,0,0,0,0,TrueNegative,-34.473916719631255,-2.999121142297973,1,0,0,0,0,TrueNegative,53.19188194942408,-29.38667367075868,0,0,0,0,0,TrueNegative,40.16216386493746,-13.474748232509564,1,0,0,0,0,TrueNegative
2018-10-26,-96.217516804898,-3.4720390169390565,1,0,0,0,0,TrueNegative,-23.187838403560182,203.94910870908933,1,0,1,Retard prod.,65535,TrueNegative,-71.25862149016905,-46.977007486968446,1,0,0,0,0,TrueNegative,-97.93113886708915,34.04896359124226,1,0,0,0,0,TrueNegative,-20.15758891701718,18.13137567132351,1,1,0,0,1,TrueNegative,12.337462636995363,-14.546563775922754,1,0,0,0,0,TrueNegative,-27.32917171880647,39.48647514917409,1,1,0,0,1,TrueNegative,-30.113836177523304,-25.18866742149636,1,0,0,0,0,TrueNegative
2018-10-27,-130.2570737087907,-19.04981434792424,1,0,0,0,0,TrueNegative,-101.68895079083161,-38.133596477789126,1,0,0,0,0,TrueNegative,-49.75837369952811,-17.0838947840014,1,0,0,0,0,TrueNegative,-110.08342616897662,4.352923310996468,1,0,0,0,0,TrueNegative,-18.62154218324029,83.82001620058297,0,0,0,0,0,TrueNegative,40.614691570662366,61.7247978574047,1,0,0,0,0,TrueNegative,44.81887426061911,-13.6291044582222,0,0,0,0,0,TrueNegative,-3.1155364096126403,12.328484230728934,1,0,0,0,0,TrueNegative
2018-10-28,-117.9037881513468,-24.61836747668963,1,0,0,0,0,TrueNegative,-89.38689023348606,-28.572235925615438,1,0,0,0,0,TrueNegative,-61.637679892520566,-12.384387899945482,1,0,0,0,0,TrueNegative,-110.55194012167685,1.0481730765786312,1,0,0,0,0,TrueNegative,-22.438836530988976,27.811531226924025,0,0,0,0,0,TrueNegative,37.868317565976085,-7.75183915530936,1,0,0,0,0,TrueNegative,-21.387648984786185,-14.955159498056904,0,0,0,0,0,TrueNegative,-39.39003040689627,16.31864394383107,1,0,0,0,0,TrueNegative
2018-10-29,-111.31077204336943,-27.35526833036418,1,0,0,0,0,TrueNegative,-84.60166678072291,-28.71771114848192,1,0,0,0,0,TrueNegative,-57.75396114252882,-12.482122356538754,1,0,0,0,0,TrueNegative,-106.77353973560434,0.30328439562122755,1,0,0,0,0,TrueNegative,-20.857558442933506,24.803898357808414,1,1,0,0,1,TrueNegative,32.84167349960189,-12.866961905470554,1,0,0,0,0,TrueNegative,-11.595111703111225,-15.686725886999787,0,0,0,0,0,TrueNegative,-27.06115494656733,16.095592910964807,1,0,0,0,0,TrueNegative
2018-10-30,-157.44724450680337,-5.974194167689105,1,0,0,0,0,TrueNegative,-143.53963459945913,11.996619926004403,1,0,0,0,0,TrueNegative,-82.52349502426118,-8.731533451498589,1,0,0,0,0,TrueNegative,-125.78528227988438,29.701425806212455,1,0,0,0,0,TrueNegative,-55.67506537730599,84.88856070073146,0,0,0,0,0,TrueNegative,102.09815394997307,77.50163464180241,1,0,0,0,0,TrueNegative,9.158237234366117,7.296001410163134,0,0,0,0,0,TrueNegative,2.972812414954288,8.175182767697713,1,0,0,0,0,TrueNegative
2018-10-31,-134.6370356324901,-23.714989891047793,1,0,0,0,0,TrueNegative,-109.6711498133717,-25.558451694795565,1,0,0,0,0,TrueNegative,-80.18583121915236,-9.2993349785479,1,0,0,0,0,TrueNegative,-129.2774490805089,4.408749034896473,1,0,0,0,0,TrueNegative,-28.046979670792094,44.16679425844412,0,0,0,0,0,TrueNegative,53.319084278212756,-13.453522099103507,1,0,0,0,0,TrueNegative,-34.01543652776829,-16.41130660985736,0,0,0,0,0,TrueNegative,-49.34511326446824,14.272613997144763,1,0,0,0,0,TrueNegative
2018-11-01,-167.42859261366087,-14.829960554272896,1,0,0,0,0,TrueNegative,-139.09375595206404,-19.10457535367766,1,0,0,0,0,TrueNegative,-77.91613331607911,-10.340049089930991,1,0,0,0,0,TrueNegative,-110.16680695720262,-2.5723202490293686,1,0,0,0,0,TrueNegative,-27.02438478198806,51.78290781500416,1,1,0,0,1,TrueNegative,45.006421074563676,4.626042151429961,1,0,0,0,0,TrueNegative,12.394162660381776,14.352835258087632,0,0,0,0,0,TrueNegative,3.030795739761206,1.2870376445485006,0,1,0,0,1,TrueNegative
2018-11-02,-120.5143518939834,-24.036778753496833,1,0,0,0,0,TrueNegative,-77.7897011138943,-7.038426250828626,1,0,0,0,0,TrueNegative,-10.35164545173236,-35.91081505454147,1,0,0,0,0,TrueNegative,-61.81435341649623,-8.16203440448431,1,0,0,0,0,TrueNegative,-15.85339062478012,67.262652064654,1,1,0,0,1,TrueNegative,59.77168842344157,55.35394112252055,1,0,0,0,0,TrueNegative,-2.443118981770792,-126.43634065869792,0,0,0,0,0,TrueNegative,-78.0248509007365,169.47616913145598,0,1,0,0,1,TrueNegative
2018-11-03,-131.27985920608157,-42.18183462901072,1,0,0,0,0,TrueNegative,-96.57401761851642,-52.62755653422076,1,0,0,0,0,TrueNegative,-75.83127513924673,-1.9314715529768767,1,0,0,0,0,TrueNegative,-127.53400807970351,23.82546674805566,1,0,0,0,0,TrueNegative,-18.42971072735482,61.28900523725951,0,0,0,0,0,TrueNegative,18.75929742180779,146.11940126032465,1,0,1,Sous-perf. longue,65535,TrueNegative,-0.17381001886842,-21.05732018015264,0,0,0,0,0,TrueNegative,-14.431809560506569,14.290297417518572,1,0,0,0,0,TrueNegative
2018-11-04,-116.26481478280675,-11.384430529704742,0,1,0,0,1,FalsePositive,-90.978673228398,-1.8691642377049806,0,1,0,0,1,FalsePositive,-37.067764976035214,-11.720063571680885,0,1,0,0,1,FalsePositive,-96.36008229541969,-0.05760009572930089,0,1,0,0,1,FalsePositive,-17.020991742408867,19.417549143590843,0,0,0,0,0,FalsePositive,-6.098154693564154,-19.906057789693293,0,1,1,Sous-perf. longue,0,FalsePositive,1.7648198716534154,-5.346248852301467,0,0,0,0,0,FalsePositive,-32.49629471712841,-19.25672671947259,0,1,0,0,1,FalsePositive
